{"stats":{"minecraft:mined":{"minecraft:mossy_cobblestone":1,"minecraft:birch_log":6,"minecraft:brown_carpet":9,"diagonalwindows:minecraft/iron_bars":2,"minecraft:birch_leaves":2,"minecraft:crafting_table":1,"minecraft:grass":1,"minecraft:grass_block":2,"minecraft:potatoes":29,"minecraft:cobblestone_slab":1,"minecraft:vine":2,"minecraft:iron_bars":3,"minecraft:lantern":3,"minecraft:dirt":5,"minecraft:tall_grass":3,"minecraft:stone":40,"minecraft:green_bed":2},"minecraft:crafted":{"minecraft:crafting_table":1,"minecraft:stick":32,"minecraft:wooden_pickaxe":1,"minecraft:stone_pickaxe":1,"minecraft:stone_sword":1,"minecraft:birch_planks":24,"minecraft:stone_axe":1},"minecraft:used":{"minecraft:iron_bars":5,"minecraft:stone_sword":4,"minecraft:birch_planks":1,"minecraft:armor_stand":1,"minecraft:stone_pickaxe":66,"minecraft:suspicious_stew":1,"minecraft:wooden_pickaxe":3,"minecraft:cobblestone_slab":1,"minecraft:green_bed":1,"minecraft:stone_axe":1,"minecraft:mossy_cobblestone":1,"minecraft:brown_carpet":9,"minecraft:dirt":5,"minecraft:mutton":1,"minecraft:crafting_table":1,"minecraft:potato":2},"minecraft:picked_up":{"minecraft:birch_log":6,"minecraft:stick":2,"minecraft:crafting_table":1,"minecraft:iron_chestplate":2,"minecraft:feather":1,"minecraft:green_bed":2,"minecraft:potato":114,"minecraft:mossy_cobblestone":1,"minecraft:dirt":6,"minecraft:lantern":3,"minecraft:brown_carpet":9,"minecraft:iron_leggings":2,"minecraft:armor_stand":1,"minecraft:iron_helmet":2,"minecraft:cobblestone_slab":1,"minecraft:birch_sapling":2,"minecraft:mutton":1,"minecraft:iron_bars":5,"minecraft:cobblestone":40,"minecraft:white_wool":1,"minecraft:iron_boots":2},"minecraft:killed":{"minecraft:sheep":1,"alexsmobs:seagull":1},"minecraft:custom":{"minecraft:time_since_rest":3506,"minecraft:interact_with_furnace":1,"minecraft:sprint_one_cm":54768,"minecraft:damage_taken":120,"minecraft:walk_one_cm":16657,"minecraft:mob_kills":2,"minecraft:damage_dealt":160,"minecraft:interact_with_crafting_table":4,"minecraft:open_barrel":5,"minecraft:swim_one_cm":11286,"minecraft:fly_one_cm":39355,"minecraft:talked_to_villager":1,"minecraft:open_chest":6,"minecraft:play_time":24629,"minecraft:crouch_one_cm":6403,"minecraft:sneak_time":2207,"minecraft:walk_under_water_one_cm":698,"minecraft:jump":287,"minecraft:leave_game":2,"minecraft:time_since_death":24629,"minecraft:walk_on_water_one_cm":978,"minecraft:sleep_in_bed":2,"minecraft:total_world_time":24629,"minecraft:climb_one_cm":4356,"minecraft:fall_one_cm":7102}},"DataVersion":3465}